fHdU-gzkl-I	295	297	300	307	312	312	314
_LzE_yWxdqo	548	551	551	554	558	561	563
kdnoxh8vjLo	1255	1349	1531	1565	1599	1627	1662
760xRU26YNM	391	413	424	438	443	444	447
ZF6ILkIzyFo	324	325	333	338	343	340	345
d0oK0XipfTU	273	276	280	280	281	282	282
tP0MvwnQr3U	1801	1810	1816	1830	1842	1846	1860
rEx-A26tJ58	48	48	52	52	53	55	55
WJojnQkITtg	1238	1325	1532	1685	1877	1953	2040
tfCTOaou8IU	84	84	84	84	84	84	84
t4-Vf6L63Js	4185	4635	4698	4703	4459	4457	4465
mjtTXlIYnbw	87	90	92	92	95	95	95
Fw8ZJCRK-sY	289	290	299	300	304	304	305
D-Im2mB8btQ	1103	1137	1282	1335	1394	1418	1422
JrrHWYu81iI	187	189	200	208	217	218	220
-EnO5IHKDmE	154	159	170	175	185	192	193
JzTsOwl1nJQ	506	517	528	530	531	531	531
bFFxJS9Qjnw	617	673	727	744	758	767	778
ETmC5qZIQX8	1338	1400	1472	1509	1543	1563	1571
LJenGtkGLeY	1285	1291	1304	1326	1342	1345	1349
xQwQojn9Dcw	223	233	245	261	284	298	300
vDHHdq6Cvd0	761	769	790	800	818	830	838
v-PP9dk4DDg	57	57	58	58	58	59	59
nT3e7zwZJsU	1609	1625	1661	1674	1679	1684	1687
cDV5sVNDDck	10	10	11	11	11	12	12
Q2UIgJfTBOU	887	889	894	899	902	904	905
rlt4IQQITlY	115	115	115	118	120	120	120
oAyRl0bWRFY	284	285	291	294	294	295	296
sQCof2oeUbA	651	653	666	673	676	685	684
kB12Q0NU7rA	265	292	299	301	306	309	312
9cWTQPctB_M	317	319	325	326	326	326	326
VMbFg7z7VpI	37	38	43	46	47	48	49
GmPWPuZp1sA	153	197	220	237	239	247	248
gRl0LJyG92Q	356	433	554	606	629	647	655
R3GjmkuWuuQ	697	709	737	751	773	784	793
nVeM3AOY2hM	1119	1246	1366	1406	1489	1524	1530
KAyvp4FTFUQ	245	245	247	249	253	253	253
bzuDEtAjBPQ	50	51	51	50	52	53	53
pz14QTJrito	406	413	430	433	432	432	434
kA81LzzdDGw	4503	4998	5482	5566	5639	5665	5686
7zq34_ZGsqY	415	424	432	447	457	460	467
IajEJAOpbzI	122	123	124	123	124	124	125
BH1XO-lbgw4	551	551	551	551	551	551	551
Q0ROOgIWc04	1943	1976	2022	2055	2080	2089	2096
1M9A2LwmCYo	286	289	290	288	290	290	292
CA7_BMEJz3U	235	236	242	248	253	256	257
FIBaJilCGL0	457	456	458	458	459	459	459
m9gUuGqHsFs	1477	1511	1572	1613	1637	1656	1664
F0fMoqY9qI0	5975	5994	6027	6048	6072	6088	6100
NbH10unWiV8	484	499	527	538	542	554	562
cQFin1k1hQ4	144	144	145	145	146	146	146
_-UT5mrGtb4	208	211	218	221	222	222	223
rJmFVWGkgxA	548	550	560	561	564	567	567
GxkcwtT4bh0	1900	1901	1907	1908	1916	1918	1920
MFexmKGDr08	654	666	696	717	731	741	746
MFJXVifOwJM	395	398	408	413	415	417	417
jeVqPpWlPxg	63171	65751	69486	71179	72854	73727	74181
44eiT--RN6U	503	528	607	633	661	667	680
pqvwYlaefP8	576	700	838	887	925	940	953
UdUL92O17kE	725	748	772	779	797	806	809
iH8mWNKM8xU	3280	3915	4693	4823	5024	5102	5181
d8jHBC7KUKw	98	103	107	110	113	115	119
cNVgMk2oLQ4	1668	1686	1724	1753	1776	1794	1811
Ug-xUfLIivE	20	20	20	21	21	21	21
FtYkJe9w4eo	424	425	436	438	438	441	441
7ML5HuZDtw8	452	451	457	457	456	456	456
FXg1DGfgIq4	1355	1357	1378	1382	1390	1391	1397
G_sXw-9s83Y	542	558	580	594	601	605	606
LwLaJbNOqYU	7955	8442	9093	9186	9261	9459	9537
QTdaJHXS8rQ	296	302	321	326	330	332	333
tw0gG3NV9YE	245	249	263	269	273	274	275
TyAmmAA7hQc	368	375	387	393	399	402	402
1yuTJMFGxEw	54510	55664	58034	59176	60459	61330	62005
0gAfB8YGQlQ	248	248	256	258	258	263	264
may0wSpC5X0	434	472	487	506	527	531	533
yLXKqhKaQjc	25	25	33	36	38	39	39
ZfQgia8y85g	244	245	249	252	254	254	254
9N0pRm_atEI	403	408	414	417	424	425	427
R5E_DcitNBI	591	597	603	608	609	609	610
DmQ4Dqxs0HI	7349	7432	7795	7977	8126	8213	8265
4E5iJbK1-Lw	445	455	467	473	487	485	488
MOifIuOhBiA	5622	5683	5428	5361	5307	5289	5289
T-phq7QKN_I	110	112	116	110	111	111	113
1D-H_7W6pZs	2289	2294	2332	2344	2362	2371	2380
4vbDFu0PUew	58742	59713	62689	64871	67570	68535	69260
yq6_Z7fi0q4	1050	1123	1193	1206	1217	1222	1230
SGMxo7cRi24	754	779	818	829	828	831	838
FBVrdMAnZpM	391	392	392	389	391	391	392
RXF9oupPE_E	687	694	729	751	769	774	779
jCcdH4imZ8o	419	424	437	454	455	455	458
DgCTlhAqGjQ	263	265	270	275	277	280	281
enZxKJnMzRA	3069	3187	3204	3238	3339	3364	3452
3PXENu6PvkQ	166	170	173	174	179	180	181
rJYPadEC_PM	160	160	160	160	160	160	160
oSwZ_BckDvc	19179	19574	20238	20853	21348	21583	21682
ujjflEi6lV4	833	857	894	908	921	936	939
_83AOaZ3Iyg	3254	3341	3509	3626	3739	3799	3870
bFgRGA8rjoU	23	23	23	24	24	24	24
OEOEX_ExDnM	353	354	357	358	360	360	360
hfClU7lZyQA	287	295	304	313	319	321	324
XynFyyAX1f8	284	302	318	320	323	326	329
YWFkjaa8yfE	715	714	715	717	718	718	719
c0wUKCekI34	3244	3293	3435	3494	3569	3630	3656
IeW67q_B1KI	1157	1214	1292	1306	1371	1375	1374
4PjL4x4k-zI	159	161	174	175	175	175	175
r1ls5jQrcw0	84	111	164	190	218	238	250
ZQBefPPcN_4	1751	1772	1740	1741	1732	1734	1738
HzLKWOkPhgQ	1169	1173	1180	1186	1188	1184	1193
p5vPT_vmV3o	991	993	1005	1014	1016	1016	1018
-k9hMjhZbgc	76	79	87	89	91	95	95
GwBNFNO3GcA	119	122	132	131	130	130	130
4Aav3Of0p0o	99	99	99	99	99	99	99
2qiL-qMdMl4	162	164	169	169	169	170	170
Tvva9IhMWfM	19177	19730	20490	20902	21357	21583	21847
tvJwv-6oNOQ	6660	6983	7478	8773	9830	10579	10835
nRDRABVR3y4	303	304	309	311	313	313	314
WfmQU5xE-Ss	546	677	857	1010	1134	1248	1310
nkkc0IRQoC8	450	492	550	563	580	585	590
7-c3PFsrnVE	252	254	257	257	262	264	264
Yx3K3g4CtoQ	12181	12474	13136	13290	13353	13398	13430
SGqPvHBsug8	519	528	547	560	570	578	584
lzqDEe4AZ-A	None	None	None	None	None	None	None
kJN5RDgksxA	284	287	295	305	291	277	277
iDiNeoOtR84	885	891	911	917	921	926	931
zX63QzrGNv4	788	817	840	854	867	875	886
4BsA43HJtU4	1170	1178	1210	1230	1252	1259	1271
_TrYTV3KMls	2381	2445	2557	2587	2641	2662	2671
xNgxUVpV1hA	1454	1524	1793	1926	2011	2058	2084
jZJHGIrq25w	136	138	149	153	157	158	160
OKikGDmonKU	466	486	532	563	583	605	612
gMtbVzF6tFE	416	416	417	419	421	423	424
DoSUAqYmobY	586	586	591	594	596	598	599
lyJqXb8Nj-I	1830	1883	2015	2081	2166	2192	2202
bhBNahf_b6o	164	166	183	186	191	192	193
n1khwOk5dN8	15738	15878	16743	17027	17408	17783	18060
majXdhyhh0A	1145	1147	1155	1157	1160	1162	1163
7SVTUhkc7Hs	340	364	403	416	431	435	439
OJ2B4Fb7xQQ	6926	7165	7916	8342	8837	9016	9131
25_ngAqZEp0	3036	3068	3092	3112	3127	3132	3132
dGptOlDUw1o	1540	1556	1572	1583	1594	1601	1605
xzqGVmY18MA	515	517	527	536	537	537	538
tuweKNR7WY0	158	159	163	163	168	170	170
4-pdqDTaYyo	335	353	383	395	409	416	418
qR1zxfV9e18	355	357	363	364	364	364	364
ex0HPagzuvs	243	249	285	312	328	338	341
q2cGvvdsmoU	91	90	92	95	95	95	96
9Odjk_W8DZI	624	630	642	646	652	663	668
HgdMgh0RXm0	1236	1510	1843	1937	2033	2103	2141
13gZ93TkXZA	2859	2902	2942	2979	3015	3034	3036
rQ_IL-5haUw	258	265	274	275	276	278	283
xN08oBm3-OU	948	957	964	972	986	990	990
zdBthc6fCk4	3811	3852	3906	3927	3942	3942	3944
Z-Dvgq85x3Q	640	645	685	658	665	667	670
8dJyRm2jJ-U	337396	340403	352238	356737	360856	363332	364814
lqA85f4oWtU	266	268	271	276	276	276	278
M1az5DjO_kU	2083	2105	2137	2153	2176	2183	2196
RfV3PM4PR_8	677	677	680	685	688	688	689
dO8G4kMhMvE	43038	43434	43887	44259	44731	44976	45142
2e5jP5hOqeE	2	2	2	2	2	2	2
-wnvU4qAnM0	10851	10850	10896	10919	10923	10937	10900
g0EqOikZsJY	240	269	315	320	325	325	325
nwduENqvb14	1962	1980	2096	2168	2219	2249	2281
3GDG1pqiKNw	102	85	101	105	106	106	106
DLvQMk7KZXk	315	316	343	348	348	353	354
OtDC2VYOsyk	59	68	72	72	75	76	77
BttjSmLiv4o	11182	11205	11246	11266	11295	11308	11324
8FuNrCc8ggM	1033	1049	1154	1169	1178	1185	1192
BiFIvEGnMOw	363	367	377	381	388	388	389
zRRulQ54K1I	637	668	703	715	728	740	746
zVFaFn_by4k	301	353	447	488	521	530	535
E7lcnNjlmfo	279	312	362	376	415	417	425
7OPg-ksxZ4Y	11171	11474	12367	12918	13501	13709	13848
bMpcxMYZHDo	2559	2567	2585	2587	2591	2592	2593
tlKpIcN1RQg	1766	1769	1773	1776	1776	1776	1777
4Uz2LBWhItk	48	48	49	50	51	51	51
sjXm6eZyvv8	305	340	325	330	336	330	330
c_Zvc1-6IVc	872	887	900	908	918	922	924
3Yh_6_zItPU	16416	17128	18023	18331	18639	18874	19055
pTWvJMCrvYg	633	641	643	651	656	660	661
ONj9cvHCado	None	None	None	None	None	None	None
orQmcFszdyQ	2700	2738	2836	2883	2908	2938	2973
xWbLiVHyQEQ	26	26	26	26	28	29	29
rmpTkRnvMyM	5354	5367	5248	5250	5226	5204	5204
DYb00-Kgx2w	235	251	262	270	274	276	280
1MNLuf5Zrsc	656	665	681	692	703	712	713
c88YqsUcioo	371	299	328	368	380	387	394
cgCRWdSFfkY	379	381	387	391	392	394	396
il9tQBC9Rdo	16	16	17	25	29	30	30
S9AU_xPmg-E	235	235	236	236	236	236	236
qmW-4x95vqY	3981	3990	4002	4000	3989	3989	3978
ijS_orLb6VU	5284	5329	5563	5689	6095	6179	6227
uLkJ4UosFgA	719	724	737	741	748	755	761
NtmnxwriCjk	138	143	164	170	172	172	173
NBLoY4QWsd8	136	136	155	157	159	161	161
FJPLXnN5tV4	12321	12326	12336	12333	12335	12336	12276
F4xMbd9_Ips	2836	2841	2853	2865	2866	2864	2870
6N22wYwItDs	1624	1787	1971	2038	2076	2114	2135
7ph2lY6lMR8	210	211	225	236	246	249	250
6IEW4co4MIE	540	581	800	902	944	965	975
KF5j9lNiJM4	321	336	345	359	374	382	386
