RYqCp7DhSog	3053	3105	3243	3300	3346	3375	3380
iHpirPqHu0c	401	403	412	417	419	421	421
XwG55kTNs_0	775	836	989	1066	1107	1135	1149
RO97n4rHLLU	848	873	959	1004	1040	1064	1070
hRffZKY8oqA	598	609	632	639	646	648	650
_VxUbjsMyQs	2647	2680	2655	2682	2708	2713	2716
7t1-J40L_rM	285	288	303	311	322	336	339
_-DxRpFt8Z8	1095	1102	1133	1143	1148	1152	1153
-NF0TGFka4w	315	324	336	346	354	357	360
t4-Vf6L63Js	4183	4635	4698	4703	4459	4457	4465
bFeC5UBtLZs	3271	4112	4740	4858	4943	4994	5016
IG-7SnQW-80	1587	1850	2096	2107	2148	2183	2195
4SCdc8cGxAI	463	576	701	700	712	719	719
AH9m4WF_aD4	60	64	70	71	71	72	72
CMWLX0KXwF4	2456	2629	3108	3331	3552	3683	3744
r5n1GCY-nYQ	70334	74956	87508	94533	101265	105499	107874
DDY6KjQCMoQ	5639	5688	5758	5812	5855	5876	5882
_HYse_HYnuk	385	429	578	645	678	699	709
UUnQZiDaNdg	444	447	460	470	477	483	484
1ydMr8kxfw8	302	302	303	302	304	305	306
kAu3uDBf8oA	17	17	18	17	17	17	17
7QLNMC3VTx4	882	932	938	939	941	943	948
uYc6aV4R6PQ	208	218	235	242	242	242	244
E5VIOnDzrY4	744	774	844	895	939	966	971
fN89luprW3o	1588	1614	1658	1676	1696	1715	1717
5j0fptQ1R1U	47	53	67	110	138	169	174
7lWEHHl6VTI	141	152	184	181	182	183	182
Kj3AxeGK8wM	437	456	462	464	465	469	475
VCHk9zoFIr8	4301	4626	5487	5852	6160	6436	6626
zhO5d4F2prE	3189	3281	3335	3323	3332	3335	3337
sKWU4rneSlQ	2984	3043	3170	3185	3232	3239	3248
BPOpyIxVbBI	632	651	672	686	694	701	705
3qJ9aaKlNok	180	181	180	181	181	182	181
aALm9bDmX58	1145	1150	1158	1177	1182	1183	1185
RqwLD8MO7Ho	123	131	151	167	170	173	173
g1HPXBMIA6A	2485	2675	3067	3317	3568	3705	3763
Bt6nzLkkM-0	317	339	420	454	484	494	497
kA81LzzdDGw	4482	5004	5482	5566	5639	5665	5686
nw8BIIQeQAo	1521	1535	1580	1628	1675	1700	1707
P6Ps7MYB2bI	529	552	598	614	615	617	621
80pbNnI2J8Q	338	339	345	347	347	349	349
XyBuzHV_VT8	1085	1292	1464	1512	1549	1576	1594
9cxeIuno2qs	88	91	96	101	101	97	102
9kD5zXpBll0	194	204	221	224	226	227	228
uMP3QnwgB5A	4932	5108	5154	5176	5220	5259	5275
MqzJPuEuhO0	52	52	52	52	52	52	52
-NxRMp1Fubc	39	53	80	90	105	128	148
n8ttdjm2xbo	55	56	57	57	58	59	59
dLRN3jolSe4	242	246	263	283	297	311	314
muDsx93j1XY	236	254	288	287	304	307	318
xuPN2VyOrMA	31	32	71	86	102	118	124
iB5HtkPXEb0	160	172	193	196	204	208	209
uGzDKU7gxho	3497	3545	3544	3545	3539	3530	3528
d9dnkTOg4eE	143	145	197	201	205	209	209
WAGc3vNjYKA	1535	1637	1736	1808	1876	1912	1930
QI9kTUmwA24	71	71	80	84	89	89	89
jeVqPpWlPxg	63148	65761	69493	71171	72861	73726	74187
bP8HRYLd0lE	85	121	167	172	176	187	194
8NwAgV_NZ5o	1407	1455	1493	1472	1474	1473	1471
X23zcvcqWdU	541	567	611	648	679	706	709
DEZRDfA2aag	250	260	269	295	307	314	318
-KKBtdYW9Uc	710	731	754	758	756	761	764
LAiyH45UM7o	14	14	15	16	16	16	16
MCw9hovilHg	584	595	633	653	660	671	673
JxcAfUvWD2A	192	241	303	341	371	391	404
r1Rrt8iaOUc	12870	13739	16643	17979	19295	20013	20621
MYDzGIDtswY	1327	1438	1519	1520	1524	1527	1529
L_FxdCN8P0U	127	130	141	142	144	144	145
iH8mWNKM8xU	3284	3934	4693	4822	5024	5102	5181
2NaRcJZT8K0	540	542	541	545	546	552	552
mdl32xQeLjk	19	26	43	44	45	48	48
IiYCoPFHx04	1376	1414	1419	1441	1444	1450	1451
1yruPciypig	176	180	226	259	294	311	324
z36lrSX1jmE	2224	2265	2342	2381	2415	2434	2443
mxbkct5YTtE	63	69	83	98	113	120	121
cUbzWjNqtmo	6053	6356	6515	6578	6704	6761	6750
n-y_8BkaqeA	1261	2330	3104	3126	3158	3180	3207
oJd_Wd42Q40	1191	1268	1375	1434	1488	1516	1529
9evgbXolGhI	55	55	61	63	63	61	63
MOifIuOhBiA	5622	5682	5428	5361	5307	5289	5289
44cy4quQ8as	2179	2206	2327	2376	2404	2423	2434
UmdSRf4RKf0	265	413	561	603	668	698	707
_r3FOESRwZ0	641	658	672	644	647	646	646
v2t75tTm_Jc	82	83	93	99	102	104	104
4vbDFu0PUew	58735	59725	62688	64867	67576	68535	69260
H9FDjFn-Gw8	537	545	569	583	591	596	599
pg5zzJTuRBA	292	299	315	325	335	339	341
7LHumsHONkc	159	165	183	198	202	215	215
QGae78sWVSw	13792	14803	16865	17479	17989	18171	18249
qxAeUZ_2x5E	748	750	761	765	770	771	774
jkD9prp1Ii4	730	755	818	857	906	939	963
R6vswrZSbjA	1303	1310	1323	1341	1361	1373	1376
sPEwzlxEv6c	603	651	699	719	728	744	754
AvVEwV2kfgI	1263	1364	1470	1511	1545	1576	1589
VzdfmY5bbO4	191	210	205	201	211	214	214
DSYyfCx9LAE	1229	1372	1413	1406	1416	1420	1420
RxYdCWkIev8	592	606	681	718	746	767	771
5sUsQJmaneQ	134	146	182	192	202	209	165
3MZftSsYSUQ	2592	3217	3554	3555	3599	3613	3622
kMkxr7PjJpM	997	1207	1470	1519	1587	1607	1621
oSwZ_BckDvc	19178	19573	20238	20851	21349	21583	21680
QMlNJxawbRw	54	60	69	74	77	77	80
tkaYmeVuN8U	132	136	153	170	201	217	230
suDzZtLhXwU	62	80	93	94	103	107	107
BPfyLmVzsaM	93	95	96	136	151	154	155
pUQ5A_xxkCw	1240	1274	1284	1316	1365	1398	1382
i5kB2YmDZTM	242	264	268	250	248	248	248
8qj-hHvGZpU	5426	5921	6839	7268	7638	7877	7955
YtDvCpqkbCw	1287	1292	1197	1223	1288	1308	1317
yTD7A21IOSY	301	322	367	380	385	380	380
BwQyiRZzOs8	209	213	224	223	228	232	234
DBvmUbo4GQs	91	96	121	123	125	129	129
s8NRffPuFB4	2004	2115	2504	2675	2782	2843	2872
DjFb0Vt43Xo	684	698	726	734	746	768	772
sCAluJdxOCI	2422	2518	2703	2840	2981	3053	3116
vjhbxxTYkpw	3846	4329	4758	4827	4886	4897	4899
rKAMdVUE4YI	160	163	169	175	178	180	180
bqS0sb_2br0	364	375	388	398	414	417	419
SbfWQuG_up8	81	82	88	88	89	90	90
Yx3K3g4CtoQ	12178	12470	13136	13290	13353	13397	13430
E5bJPQM28r8	168	172	186	192	180	181	184
SLSkl6FMyyM	1160	1252	1329	1338	1345	1349	1353
DQTi6qEd4u8	1062	1105	1150	1165	1175	1183	1187
O--o-O-ABBw	18113	22118	31895	37739	43082	47102	49818
_xYnY4TnBPQ	322	325	344	369	389	421	436
hibTeDRLhCc	633	699	756	773	780	782	785
2qE2jhYNp98	607	901	1030	1042	1068	1078	1084
IkxtDjPSc-4	305	314	349	380	414	447	456
1vuxoFn1mK4	508	574	601	598	599	599	599
ebatweUrQws	592	629	700	738	777	794	815
lyJqXb8Nj-I	1830	1883	2015	2081	2166	2192	2202
7YQWDCSFAJU	0	0	0	0	0	0	0
WkgHkrM9fo0	249812	250068	250996	251476	252050	252381	252575
7qy9Hpsaw6g	140	142	145	148	148	148	148
jwk_9p0jtP0	1389	1443	1474	1499	1521	1544	1547
WG-Q1ZE6yi4	2678	2974	3129	3134	3157	3172	3181
YVGcUkq1ejA	134	141	180	188	183	190	196
OaXBF3rmUX8	4409	4486	4692	4885	5034	5125	5163
0oP8ksIBdHs	1036	1075	1127	1161	1175	1188	1194
LWw6CssJsi0	9314	9645	10610	11241	11543	11694	11757
obGGrIjC7k0	1032	1043	1075	1100	1116	1129	1136
w3Wb21inOcY	593	602	642	640	640	642	643
wDUwv5rSLZY	4	5	12	12	14	14	14
OJ2B4Fb7xQQ	6922	7161	7915	8340	8837	9016	9131
FFcZqOILKSk	1768	2033	2196	2255	2301	2323	2334
65DFQ8apFiE	747	764	786	790	790	795	796
7UREHspNys8	2211	2469	2616	2752	2804	2838	2851
jim7fbD9OjI	924	975	1141	1147	1156	1157	1159
m3pFwX6IAns	733	818	1079	1178	1261	1298	1315
0lkSqR4vrIQ	1893	2397	2928	3001	3072	3108	3132
heayyMyhSGU	1108	1136	1262	1356	1429	1486	1513
zdBthc6fCk4	3811	3852	3906	3927	3942	3942	3944
8dJyRm2jJ-U	337358	340392	352222	356727	360866	363313	364810
Kp6MRBybUlo	42	46	63	71	73	76	77
cL_FkV8by_g	452	458	419	419	416	416	416
iE-6ERWjBoo	638	645	677	701	735	743	746
eTEsJXN8PUY	325	332	337	358	366	370	374
lttMP463C-Q	873	933	1213	1411	1584	1719	1798
mSceX3JC1TA	341	352	374	387	405	409	412
31Ur9qSHWhI	1328	1628	1989	2018	2053	2073	2089
Bo0-COyKxD4	309	329	353	367	373	379	383
PPPQUcu7rI8	10	12
_iz5_DuY_II	9177	9424	9945	10554	10843	11037	11134
WbiYxA1W4wg	1752	1771	1886	1996	2072	2110	2119
koYG3cXE-Vw	1179	1189	1228	1231	1237	1239	1241
7OPg-ksxZ4Y	11173	11476	12367	12918	13501	13710	13848
-z9qeALR7j0	2482	2555	2677	2759	2814	2853	2888
F45a9_3Mzzw	1132	1150	1226	1266	1288	1329	1337
n4wah1HS9r8	2594	2664	2747	2834	2899	2942	2946
byGdRHmIfE0	440	445	463	466	471	472	478
KTwuSBQT6Jg	570	610	674	706	725	737	742
15KlkBuKcp0	4212	4638	4815	4821	4841	4838	4712
kBArlifCKgo	1659	1705	1734	1746	1767	1773	1778
zzG7rdGjsHI	438	445	467	475	478	471	478
beCrjZC0y_s	196	206	293	338	373	383	391
Kjgo-XOpUpg	265	267	280	284	286	289	289
g9g9Y3BgYMQ	16589	16818	16523	16514	16527	16530	16531
ONj9cvHCado	None	None	None	None	None	None	None
CxCRP5tLc4U	64	68	78	99	106	116	118
y_HkN_l9edU	1004	1078	1081	1081	1094	1096	1097
Qr-HsEs0sHY	95	106	111	115	112	112	114
nWMCS0z-1gk	62	63	66	68	73	82	88
qWuFG8D88Cc	77	80	85	86	89	89	92
SwR-_hwpvjU	3106	3738	4712	4871	5047	5148	5195
FStsuHe5Fio	3949	4987	6894	8391	8941	9372	9506
oEM6znSUsto	800	853
uVqtT8a530A	1312	1586	1716	1736	1756	1760	1764
-UnGepTxa2k	1047	1123	1441	1590	1689	1755	1794
X3mAMO9aG8Q	64	65	65	65	65	65	65
htMFzouWn4k	282	283	287	293	293	293	293
VGzHbj2Og18	577	584	591	592	590	591	591
g0DAjWEHTYc	1566	1601	1725	1762	1844	1927	1940
Sf46fi2Kf-g	748	756	757	766	772	776	783
4a5nplzhG6g	106	138	178	196	237	255	260
pGywh9DauVE	96	107	126	129	130	130	131
aj7s2vylnZc	693	805	946	965	979	989	994
qeH6HWd-Q58	13	26	35	35	35	35	35
Nq6-dEj8AkA	206	206	207	211	213	216	217
6N22wYwItDs	1624	1785	1971	2038	2076	2114	2136
UwAOn6UPh9w	772	774	790	771	773	774	774
