XdUoiEVccdo	1046	1056	1104	1130	1144	1160	1171	1182	1187
hse_g-YZ754	2332	2341	2368	2374	2381	2382	2383	2397	2396
-PPoe9b2iCo	223	224	234	242	245	244	246	246	246
iny16wsspZk	746	760	772	779	782	783	785	786	786
URnqWj-kJlE	98	103	106	112	120	125	126	124	125
FxTk7YRp3FE	1218	1233	1221	1229	1254	1288	1296	1266	1273
f69ICbKFKak	193	219	259	300	338	354	373	380	387
eOhcZ-CupVE	1224	1394	1483	1501	1534	1555	1565	1581	1589
3QbGg8G7wE8	501	508	527	533	544	548	548	550	552
y6L2HPhuGSg	3732	4132	4261	4255	4259	4262	4269	4268	4266
9Q71C4IsbZE	3006	3043	3120	3160	3198	3221	3230	3260	3264
cvgbMpKjtks	425	446	469	485	509	516	531	554	560
a_0PSZ2S_yw	12367	12460	12718	12870	13026	13184	13247	13469	13506
Hrckugg1uWQ	1118	1135	1164	1184	1202	1221	1234	1244	1249
yf--HfbV2Is	231	231	233	236	236	236	236	236	236
ZTFWZJHuZQE	554	571	622	656	683	703	715	729	729
B5T0RHIcT_Y	389	396	414	422	431	433	441	442	442
kT_x7qxQuac	827	836	862	873	891	897	899	904	904
z_CroYdSTwM	365	374	391	394	399	396	406	401	401
wWWD-gpfIqg	227	232	238	241	248	247	249	247	248
67F4wWCUKTY	749	833	926	971	1000	1020	1031	1041	1043
CMWLX0KXwF4	2455	2629	3108	3331	3552	3683	3744	3944	3975
T2OSS9mX8Io	583	769	811	768	784	782	788	784	786
r5n1GCY-nYQ	70314	74963	87516	94537	101259	105494	107874	112733	115375
DDY6KjQCMoQ	5639	5688	5758	5812	5855	5876	5882	5907	5913
-lYheij1EtI	494	516	538	548	557	560	564	574	576
NFUW6Vj3z_I	460	499	556	567	581	588	594	601	603
ZkzNAhppysE	804	847	963	1060	1137	1161	1185	1203	1213
8G1VS70BdU8	426	430	453	461	467	467	470	473	477
2J9pXnhQJqM	788	824	915	963	982	998	1000	1011	1015
oI_X2cMHNe0	14483	14685	15187	15393	15718	15868	15980	16212	16270
_fpxCuorKjA	9786	10227	11643	11956	12310	12491	12626	12833	12873
mL_WNsw8Wdg	1742	1755	1769	1771	1777	1783	1783	1791	1796
6fPj6mj-M_k	3223	3253	3315	3372	3411	3429	3437	3472	3481
VCHk9zoFIr8	4301	4625	5487	5852	6160	6436	6626	6805	6846
VWRh7mSO0dA	951	1009	1055	1115	1145	1161	1128	1151	1158
tRDblFJlcb8	777	802	858	881	908	932	954	968	974
xcjPuh9qFzA	387	390	403	409	413	416	417	419	420
tmZEiRqbDpM	1787	1841	1836	1853	1874	1878	1880	1887	1890
zY3mKI1XFKM	1043	1043	1064	1065	1063	1063	1063	1064	1064
JyXpzxRr_T0	1014	1026	1080	1106	1148	1172	1180	1236	1237
AoOLVyilwfc	207	213	211	220	228	232	235	240	241
Q_wdABahpCM	1396	1399	1410	1412	1420	1423	1428	1434	1435
P6Ps7MYB2bI	529	552	598	612	615	617	621	633	637
x-rA2Jrnuz8	535	541	547	551	559	560	563	573	576
1KHiwwmusaE	653	655	664	672	676	677	679	681	681
U6vFqjTVYOU	227	240	247	251	254	257	257	257	257
vPHbooOJVQA	1432	1444	1460	1464	1464	1461	1467	1471	1473
SpV7VPoTzF8	0	0	0	0	0	0	0	0	0
jJI-UmMbsAM	951	961	907	922	931	939	941	942	948
PbRZcvVnF0w	4666	4813	5584	6103	6403	6618	6669	6803	6850
KCNhjF-MzYg	5397	5580	5631	5702	5752	5779	5798	5826	5830
iZr3E3a7woY	1460	1481	1474	1469	1462	1468	1499	1501	1502
HtYZTqi5jgQ	1116	1138	1153	1149	1167	1170	1176	1193	1198
dqX7hF9AUBA	283	284	288	290	290	280	283	283	283
Ajn-PTtBOn4	4242	4347	4692	4959	5206	5345	5405	5514	5530
g7Pi-14IOtM	1252	1140	1149	1149	1072	1074	1075	1075	1075
jeVqPpWlPxg	63120	65759	69482	71172	72861	73726	74181	75014	75237
VS4QQPFw5uI	2706	2845	3221	3325	3445	3496	3500	3452	3460
3yvVjrVpzws	1650	1790	1942	2042	2102	2116	2119	2121	2124
UxWtQokSuvw	262	264	266	269	269	269	269	270	270
xt4E8FSIwFM	880	932	1030	1110	1241	1258	1274	1368	1432
cozgrxWZBKg	184	186	189	192	193	178	178	180	180
YzgJvysqbpg	91	92	97	103	107	105	107	108	108
bxKMXOSJyqY	413	424	458	503	546	557	611	627	632
iH8mWNKM8xU	3276	3931	4693	4822	5024	5102	5181	5281	5308
7kuF__NWV6U	1654	1792	1946	1992	2031	2065	2080	2105	2112
ZDfR8S43Chw	515	573	657	709	780	805	816	843	850
dPRlBez5_9U	443	453	462	471	473	475	476	476	477
oijf7rtTwxQ	1292	1301	1323	1326	1334	1337	1339	1337	1337
kd4F17sAzrY	410	420	458	473	494	506	512	524	528
AmWcgZVpbGw	801	803	808	812	814	814	814	818	818
W2HxIKEwC6w	1097	1111	1129	1141	1147	1149	1156	1167	1171
rI0b_gmnvvU	237	237	240	243	243	243	243	243	243
si45rP-exiQ	771	769	795	809	818	822	827	839	845
-NMs56pQ9EE	2088	3263	4634	5200	5611	5874	6107	6319	6468
i3Mft0X7UQk	1076	1125	1177	1190	1201	1211	1223	1235	1236
SrXSH0KfI_c	647	656	675	705	729	737	743	748	752
qeT-ZocCEAk	535	538	542	544	548	549	549	554	556
-gJao_GoBWc	338	341	354	362	369	370	374	377	377
idpaZFV3b3o	178	179	183	184	187	190	191	192	193
4V-KojsHAAA	724	725	737	743	747	752	759	766	767
4vbDFu0PUew	58727	59709	62668	64865	67576	68534	69258	70657	71016
4TN6qRf7S2U	None	None	None	None	None	None	None	None	None
n6WwfSGj31E	2302	2352	2467	2561	2656	2708	2722	2739	2744
6eN_roYUYQU	610	618	663	688	711	722	734	753	761
HLLofrwRlBg	3005	3027	3147	3236	3302	3338	3371	3474	3503
eqDyBMHIrrU	1155	1215	1297	1347	1396	1417	1441	1460	1466
jkD9prp1Ii4	730	755	818	857	906	939	963	989	1006
vg6Iq_Es3Wk	21601	22015	22898	23580	24057	24284	24344	24593	24657
KKXHax5Kbg0	2377	2398	2431	2449	2502	2523	2540	2572	2592
SekELztG4LU	3757	4111	5402	6451	6940	7151	7254	7401	7435
Wo60qvZFBTc	272	280	295	298	300	304	315	328	330
oSwZ_BckDvc	19178	19567	20238	20851	21344	21582	21677	21798	21827
VUXTzIxvtrk	1498	1567	1812	1936	2039	2165	2215	2294	2312
84vlnoIDe8s	384	389	396	403	407	408	410	411	411
AQbmpecxS2w	3426	3651	4210	4594	5000	5215	5338	5558	5686
olyLUstmWt8	731	772	795	805	809	816	820	824	837
UWeJg217v68	1523	1576	1748	2004	2249	2004	2060	2161	2229
cOFuEQEvC3E	5234	5261	5293	5294	5314	5334	5345	5346	5346
SXxvaMrMFnE	351	368	426	438	452	466	473	499	503
qV-PKroH6_U	230	237	241	255	269	278	282	289	295
PZts_28JGpw	1840	1864	1902	1860	1866	1892	1911	1953	1963
1WhDCLhgHmY	73	73	76	75	83	84	85	86	86
Y0qOJO5hfBQ	535	564	668	728	846	893	923	974	984
0b5QBaHd9iQ	1435	1445	1455	1459	1471	1480	1481	1485	1491
MoyDJ8VnTGo	663	677	700	708	719	724	726	733	737
tNLpc44miaw	2041	2055	2093	2116	2130	2141	2147	2155	2166
9UX0JCz2SCI	245	257	268	277	280	284	287	290	290
DfcrhO3f4KA	220	229	243	250	258	266	266	270	270
ZzDP7HGvnm8	674	674	698	704	707	744	746	758	765
aD_KrLsM5kQ	233	242	252	259	291	319	321	318	319
WosblHoWh1g	13345	13420	13576	13673	13800	13839	13865	13924	13933
Xhj9SBgSMwk	340	350	374	381	398	401	401	406	407
SUdHzKRiBX8	5256	5403	5748	5930	6167	6355	6465	6584	6611
pQuk3t2aeBo	5917	5944	6159	6229	6284	6321	6341	6383	6390
sCAluJdxOCI	2422	2520	2703	2840	2980	3053	3116	3213	3256
X6mv-owlbH4	136	140	140	140	142	142	142	142	142
ZQ4E0JJcxz0	9258	9306	9590	9687	9789	9841	9872	9866	9896
vjhbxxTYkpw	3845	4314	4758	4827	4886	4897	4899	4898	4902
Vm0ZxZikXcc	1861	1893	1906	1915	1936	1933	1947	1957	1970
dmBvnY4rKHg	9250	9289	9358	9399	9425	9439	9450	9471	9473
R_S-K6bMX1w	207	211	221	247	258	260	260	260	260
Yx3K3g4CtoQ	12179	12470	13136	13290	13353	13397	13430	13465	13488
RnCqjF6aGJw	1139	1371	1680	1945	2270	2414	2560	2654	2703
QYSy42bSawk	115	123	137	142	150	151	153	154	154
FIoeYRjSonI	467	476	490	495	513	518	522	530	533
uFzuRm3wCDk	3085	3122	3247	3295	3364	3409	3429	3474	3482
mog5HEfbr68	840	845	866	866	866	866	866	866	869
PHOtAn1ABCk	522	522	524	527	531	531	549	550	550
PLUu9mlJtV4	1714	1746	1818	1838	1851	1858	1867	1874	1882
sYvE4X_3LjI	516	531	571	581	593	596	599	604	605
VoPdilLrDr4	749	758	770	782	787	789	786	787	787
Rd7k3lEtUc4	1771	1775	1796	1803	1808	1812	1812	1817	1820
ilTPLTPrBTI	162	168	180	187	199	202	206	208	209
TrE6w5k5j5s	367	369	384	389	391	390	396	399	415
Vfv9Qky427Q	3129	3484	4236	4269	4308	4325	4412	4826	4880
JCqqojm7I1U	1734	1867	2115	2229	2337	2375	2397	2431	2450
xADoXTL07qI	42	97	103	103	103	113	117	122	122
eSAqhmneKKA	431	441	474	485	487	491	494	501	504
ebatweUrQws	592	629	700	738	777	794	815	825	827
XYrsVRONZUI	1402	1453	1521	1542	1585	1609	1627	1637	1647
4oEFDdVRKGI	722	735	756	779	798	806	808	812	814
n1khwOk5dN8	15738	15878	16743	17027	17408	17783	18062	18463	18547
f8SH9l8cPkQ	126	126	130	131	131	129	131	131	133
4aqqj96AYu0	10331	10420	10488	10605	10685	10722	10736	10738	10756
vcf4A_I--Ak	1159	1177	1191	1210	1223	1228	1229	1233	1233
Kcg8l5IQgjo	8210	8285	8505	8615	8713	8759	8774	8835	8851
oj5BM-X7zPs	380	426	464	450	452	462	464	534	539
C_0nXwKhWhw	261	276	295	308	319	327	328	330	333
OJ2B4Fb7xQQ	6922	7161	7915	8335	8837	9014	9131	9355	9411
HoQsrReqmyo	4814	4913	5124	5270	5384	5427	5451	5513	5520
AEk8elc73kY	1216	1227	1253	1273	1299	1309	1317	1336	1340
bVVZOaAHeVE	None	None	None	None	None	None	None	None	None
Yfo7z8Y3uPM	1316	1329	1347	1358	1371	1375	1382	1384	1387
cXbMAGnB_og	1780	1782	1783	1785	1783	1783	1783	1781	1781
heayyMyhSGU	1108	1136	1262	1356	1429	1486	1513	1571	1588
rj9lYx3xyAg	374	471	531	549	564	569	574	587	591
w7yAu-uNT7o	1033	1053	1104	1124	1158	1173	1185	1209	1207
8dJyRm2jJ-U	337361	340355	352213	356718	360851	363313	364812	367719	368671
LiNxfFkymTk	7613	8024	8845	9171	9404	9499	9553	9669	9700
zLDZXdjufs0	137	140	146	150	151	149	154	157	159
C1ARa-BGcHs	950	962	991	1008	1004	1013	1034	1043	1048
E4atQtgymTQ	914	1017	1118	1148	1180	1201	1218	1246	1252
OBKDd-ubn2E	1050	1066	1066	1088	1100	1100	1111	1116	1119
kLgwM5Cr2lU	570	574	573	585	586	586	586	586	586
_iz5_DuY_II	9176	9424	9943	10554	10843	11037	11134	11105	11139
eJMCHsOINzQ	454	496	547	612	683	706	710	728	732
fV5NzrTmqZM	5742	5814	5966	6040	6083	6120	6169	6214	6224
iylKpM-3gaA	787	813	859	870	897	916	994	1022	1029
7OPg-ksxZ4Y	11169	11476	12367	12918	13501	13709	13848	14111	14186
tasUunmKGHk	460	469	485	491	495	495	497	501	525
zrtpHfYDja0	1141	1169	1195	1211	1228	1232	1237	1246	1249
BWUR1e6fMtw	3199	3377	3561	3628	3913	4048	4130	4299	4361
wpV7OXr7JYo	12854	12984	13215	13289	13359	13392	13419	13466	13486
USE7u92juMc	500	511	541	541	555	555	558	564	564
uttscLyNu-Q	69	72	74	77	79	79	80	80	81
55qd4q-DBis	7124	7833	8556	8950	9393	9643	9764	10158	10212
WuLuF6EsvdY	390	414	439	473	489	493	504	518	524
p9WdnIvEgT8	73	83	98	120	136	157	174	179	179
ItZ4SlxpOiI	1429	1481	1635	1796	1935	2048	2084	2147	2187
ONj9cvHCado	None	None	None	None	None	None	None	None	None
2jCkcOSXS_g	937	939	943	928	928	928	928	928	928
C7HW17Vojj4	1267	1392	1769	2023	2242	2350	2449	2667	2738
RcABArm8aYY	198	199	204	203	204	205	205	205	205
OTtr8LF9Bzw	1039	1046	1057	1068	1071	1074	1075	1075	1076
mGBshW61EC0	3012	3099	3378	3574	3707	3777	3813	3893	3910
CgkOp-zTlmc	1560	1576	1624	1662	1703	1716	1726	1746	1754
vhj06OEYCM8	426	442	464	488	509	521	524	528	530
ijS_orLb6VU	5283	5322	5562	5689	6095	6179	6227	6333	6360
ZTpRsEp-_04	4938	4985	5223	5327	5438	5500	5534	5608	5685
gfZD4F01m-c	144	147	153	159	162	165	167	167	167
nSKr_P6YcRY	220	221	225	228	231	233	233	235	235
_fnn84w8PNs	453	460	467	473	482	441	441	446	446
0UIH2gQUkTU	109	111	110	111	113	112	112	111	113
wNfSsCXAhZo	3134	3150	3191	3257	3326	3345	3354	3362	3378
6tsCKpae2WU	328	330	334	337	341	342	343	346	346
6N22wYwItDs	1624	1785	1971	2038	2076	2114	2136	2126	2126
HpcMKZUs2QY	10537	10570	10683	10736	10833	10873	10891	10909	10915
1hzWvcDQpZE	261	265	275	279	282	288	288	289	290
