zyNUr4LWfoc	20206	20338	20809	21040	21224	21327	21386
73z14uurwO8	2547	2564	2558	2564	2564	2564	2573
nOL7AAlBNWE	370	384	408	416	421	427	428
1bLg0XAmkT0	109	109	111	114	119	122	122
HcYkm5HMO-Y	234	240	249	257	263	264	265
OJiBxSe4pfU	40	40	41	41	43	43	44
-d8rwuG4l3Q	288	291	301	304	309	310	311
7cK1a9C7nlg	5087	5147	5446	5717	6029	6106	6149
irmjkT-cu9I	2106	2173	2245	2299	2343	2368	2389
_A6QcoZwRpI	441	448	470	479	487	498	502
a_0PSZ2S_yw	12367	12467	12718	12870	13026	13184	13247
acMC7bTVcY8	20821	21628	22242	22596	22947	23155	23250
QO7e_RiMVQg	22521	22560	22743	23098	23334	23448	23558
FcmUNlgld74	11489	11563	11911	12061	12176	12251	12307
3Nv99SKbpKU	497	496	505	506	515	521	522
NFGKkYjjsyI	8242	8259	8287	8312	8343	8355	8371
z2JmKR_STSw	29969	29977	29981	30004	30049	30058	30066
tzfRQrrAliU	286	287	293	295	298	299	300
DDY6KjQCMoQ	5639	5688	5758	5812	5855	5876	5882
Im9bpJY_NRs	860	869	900	918	931	936	942
jVn_rRlP29w	454	463	481	484	496	498	508
V7lHNwP3pes	6816	6917	7147	7241	7343	7388	7414
mc8s_H028VI	6465	6547	6753	6823	6868	6910	6928
zLUV7_cvGWs	2527	2529	2539	2549	2552	2542	2560
oI_X2cMHNe0	14484	14685	15187	15393	15718	15868	15980
4TcXhZZM9ss	2854	2908	3013	3078	3156	3197	3257
aTTRT41kKRk	740	803	856	937	1016	1058	1071
TkTaadb9GmM	10502	10521	10611	10661	10721	10758	10781
S0NjsRuxguQ	1331	1332	1349	1358	1365	1376	1377
eV_Ki30MDDA	1835	1869	1985	2071	2139	2200	2218
lf5xz9OcB4I	93	93	93	94	94	94	94
V231U4jWvDY	116	116	123	127	139	143	146
DmKpePzn5-c	90142	90230	90511	90586	90800	90957	91141
9KTbxKz8VXI	6853	7068	7603	7861	8025	8113	8192
Pym_mBhBin4	1818	1824	1849	1858	1865	1863	1874
Hpv4f6NuAqw	647	648	658	661	667	670	673
0ob5Cxk_R-I	677	686	701	692	700	702	704
JfA5jerg6Jo	2549	2563	2624	2652	2678	2713	2733
m_jpfxJz04I	4361	4399	4511	4586	4633	4654	4671
kA81LzzdDGw	4488	5004	5482	5566	5639	5665	5686
xNZLnGcSZm0	883	891	921	933	943	960	961
P6Ps7MYB2bI	529	552	598	614	615	617	621
_dpIwwI86ss	4449	4471	4503	4507	4511	4526	4530
V4jE96BAOtE	279	283	301	306	321	334	340
nY3Pqhs_Jbs	8699	8746	8848	8912	8958	8990	9013
EsSsgFzMVwI	2557	2560	2571	2577	2581	2582	2584
q0qPsBvRRL8	1718	1726	1759	1773	1795	1815	1827
N9Bkt5LYtDs	6271	6342	6372	6377	6379	6381	6383
ITQ6spSMC38	1069	1069	1072	1074	1075	1073	1075
mmuMv4d6ZQE	2351	2375	2459	2487	2523	2549	2562
tgB1wUcmbbw	66760	66799	66935	67018	67265	67385	67434
IsFpeXZTWao	320	325	364	396	407	411	418
NmX1N2p_UUI	137	141	148	150	154	155	157
U18_SflSX2o	538	539	544	546	547	542	548
vWQLeWxqVoM	366	369	374	377	383	380	384
F0fMoqY9qI0	5974	5994	6027	6048	6072	6088	6100
Jrlrf7SO2e4	942	945	979	984	989	989	989
ofzAHuarLQQ	1662	1695	1819	1864	1891	1902	1918
v74W5Httipk	1771	1815	1909	1957	2000	2024	2033
9wOdmZepV0E	853	1362	2021	2417	2513	2566	2594
XGQIQVsgAQw	1318	1331	1359	1381	1404	1412	1425
uGzDKU7gxho	3497	3545	3544	3545	3539	3530	3528
8G01PAw2SdY	221	225	243	253	257	258	262
GkvuazSkBoI	1032	1041	1059	1064	1076	1078	1084
r4L9EzvQmfw	1348	1350	1362	1394	1406	1413	1422
jeVqPpWlPxg	63151	65760	69483	71172	72861	73728	74181
pqnSZjwlYKY	748	761	793	837	869	879	886
-KKBtdYW9Uc	710	731	754	758	756	761	764
FfsjGlFNb6k	144	144	153	156	161	161	163
gOx-3yEYrFA	12121	12132	12180	12225	12279	12291	12299
V7xkf4EIyys	563	572	603	611	619	625	627
LP_670OTBN8	1756	1760	1767	1773	1778	1782	1782
o2uWu55clG8	1482	1506	1530	1544	1552	1553	1556
tn79OFbPwKE	20911	20976	21196	21384	21563	21647	21695
iH8mWNKM8xU	3283	3909	4693	4822	5024	5102	5181
rjKuq25a0L8	413	414	423	430	433	432	435
XH0ETI9URE0	1805	1814	1830	1836	1849	1853	1854
RirNNYeHfBc	962	968	980	987	990	994	994
eBe4TySsONo	1135	1136	1145	1148	1150	1156	1159
8TF1lDvl8To	721	767	826	855	891	914	925
QlZjtudjVD0	4599	4600	4609	4614	4612	4613	4615
SyOi8mFnmlk	431	431	436	437	440	437	441
oF0tQiRA_Po	263	265	267	268	268	269	271
cUbzWjNqtmo	6050	6356	6515	6578	6704	6761	6750
DmQ4Dqxs0HI	7349	7428	7795	7977	8126	8213	8265
8xfSL0XLRtQ	11769	12018	12920	13212	13570	13791	13882
Uusmw1Gl_9s	75	96	103	105	107	108	108
3IFr8Kkx0fA	3722	3835	4043	4165	4276	4317	4343
TfplIxJObco	1694	1712	1781	1790	1797	1805	1806
t0A9T9odIng	131	134	135	146	148	147	149
4vbDFu0PUew	58731	59709	62684	64869	67575	68529	69260
doxiOTZwDGc	468	490	529	548	575	591	596
YD6EbR5ISwA	392	392	395	397	399	397	399
47H7E3ccFmg	1092	1100	1117	1125	1128	1132	1135
x-e-Erg5irA	3949	4416	5051	5172	5233	5295	5328
yYLkFpo6BQY	690	701	720	767	797	803	813
jkD9prp1Ii4	730	755	818	857	906	939	963
wKt8jh08Y1A	0	0	0	0	0	0	0
N3nxVrX1tkU	4719	4736	4776	4799	4824	4834	4841
kJQ3FkvUB20	5292	5301	5322	5341	5368	5377	5392
mkH7rVb6V68	10857	10864	10881	10892	10902	10913	10915
HD51eVj-jkw	238	246	266	270	276	279	281
oSwZ_BckDvc	19178	19567	20238	20851	21344	21582	21680
v17J6GbtvKY	8706	8717	8752	8786	8815	8832	8853
zIXe1UxUrOw	3347	3403	3534	3639	3722	3786	3828
bXgKi50XnZc	2924	2964	3048	3082	3110	3133	3147
E2lBuNyhLrs	1247	1266	1307	1335	1365	1376	1384
tpIuIATQYVs	387	386	397	399	403	406	407
JbrK6LtTvOc	1073	1231	1634	1855	2157	2243	2301
Z_MvkyuOJgk	13918	14027	14351	14499	14637	14759	14817
AGdN0M3qvRQ	671	674	687	688	690	691	692
C99p_XDjnzM	3352	3355	3364	3368	3376	3379	3385
L2w8xJPu45o	526	530	545	549	550	554	555
AGINmVnr734	1966	2011	2079	2124	2184	2219	2239
GGY2mPQwN7c	3000	3036	3110	3155	3204	3222	3236
IV3dnLzthDA	32446	32614	33138	33450	33808	34068	34208
IiRAFfHV-nA	791	809	825	840	857	862	867
EZ72bVD9Bfs	245	247	253	257	258	258	258
xjeKAeA1Lj8	418	420	434	439	441	443	446
cJ0u7fnhkaw	787	794	803	817	831	839	843
sbHzm9iMY7k	202	201	206	208	211	206	213
8uiUz_IUkpo	7907	8134	8816	9169	9471	9654	9769
pQuk3t2aeBo	5917	5944	6159	6229	6284	6321	6341
sCAluJdxOCI	2422	2520	2703	2840	2980	3053	3116
L-QNituOKHk	734	739	768	774	785	791	792
rDDg8yh8_Zo	406	414	426	435	446	454	457
vjhbxxTYkpw	3845	4318	4758	4827	4886	4897	4899
p5BUb5zEPG4	20	20	20	20	20	20	20
pirYs7L4xog	4597	4646	4756	4836	4898	4927	4951
Yx3K3g4CtoQ	12178	12470	13136	13290	13353	13397	13430
O--o-O-ABBw	18085	22149	31884	37738	43090	47098	49804
YuKy9EjNTN4	1312	1354	1423	1454	1489	1505	1513
loTNxTq9aM0	898	912	1007	1039	1086	1250	1205
pQz_rMK4ots	1586	1593	1611	1618	1631	1637	1643
VGmTO5DRxII	25700	25795	26256	26523	26786	26955	27067
w1eENwQOp_c	3972	4006	4076	4221	4328	4361	4385
lyJqXb8Nj-I	1830	1883	2015	2081	2166	2192	2202
qbOhTXGzZh4	442	441	453	458	464	456	465
7YQWDCSFAJU	0	0	0	0	0	0	0
GtlLoHoyzFk	2146	2158	2172	2180	2187	2188	2194
_cW5UCUv2zU	1364	1377	1420	1444	1452	1460	1470
yE1yvl7cBTw	556	562	583	602	609	612	618
9kb5cuLK4n0	26926	29294	37318	39603	40792	41408	41707
W-ZYifUDIMo	2209	2239	2294	2320	2339	2340	2347
2gjKoP5bwbQ	957	975	1032	1055	1070	1092	1101
3RUUYE9oRaQ	190	191	200	205	212	215	216
faFYKeUd6HE	39	39	44	46	48	49	52
WylC30nOvAs	3318	3363	3639	3839	3984	4060	4099
ArBTyHagYys	2185	2187	2192	2192	2201	2202	2204
_H2Nq1dVu-Y	274	300	347	380	412	431	446
c0AOEQAvZWk	14009	14012	14005	13997	14001	14003	14006
Vt-WpdbwIek	1940	1944	1951	1955	1958	1955	1960
342ILHWUonY	1150	1152	1155	1157	1156	1156	1156
zdBthc6fCk4	3811	3852	3906	3927	3942	3942	3944
8dJyRm2jJ-U	337350	340389	352250	356716	360851	363310	364818
j1AuFXa_g0o	4996	5275	6551	7520	8459	8890	9130
kUb-hQsTdMY	282	284	289	297	304	312	313
IArsUj-RjNg	441	441	449	450	452	453	456
2n5GKLdrTfk	1794	1826	1926	1960	2018	2047	2073
JGQcmb5zltc	1461	1474	1511	1524	1534	1541	1547
V3C4pWwDqps	34489	34512	34586	34640	34679	34712	34757
LBraVzyYDKg	11386	11418	11474	11519	11574	11633	11668
_iz5_DuY_II	9176	9424	9945	10554	10843	11037	11134
v6g0u6yrDGc	None	None	None	None	None	None	None
Vnk8NZ0sQbE	5864	5932	6019	6091	6148	6171	6204
s0JolA3zHhk	678	689	713	720	726	733	748
DApcnbjG5io	1153	1173	1199	1232	1242	1248	1252
7OPg-ksxZ4Y	11171	11476	12367	12918	13501	13709	13848
Xl9u1XTGkis	2707	2769	2997	3132	3296	3372	3441
EUcvdGfGEj0	12697	12771	12965	13082	13168	13241	13264
wpV7OXr7JYo	12854	12984	13215	13289	13359	13392	13419
3Yh_6_zItPU	16414	17128	18023	18328	18639	18872	19053
rkVgISuqx0A	3674	3695	3737	3764	3788	3801	3806
4H66pDhczzw	15462	15490	15570	15619	15686	15725	15751
x3EYHOfkLbQ	2758	2764	2777	2782	2774	2780	2785
uDQpsWBGJ-c	249	251	266	275	279	282	284
HqcShw8v4O8	221	221	219	219	225	220	220
0V6U1l3aU4I	214	231	254	263	271	280	280
g9g9Y3BgYMQ	16585	16828	16523	16514	16527	16530	16531
ONj9cvHCado	None	None	None	None	None	None	None
3S5waOa7zxQ	696	704	722	746	757	759	761
3PHhl2pa3jo	8939	8942	8950	8950	8949	8945	8949
_23K29_RJnA	638	641	678	687	692	696	698
7BLs3-o4SnY	791	797	810	816	823	826	827
CpZBJZYJKFE	4715	4771	4876	4956	5018	5049	5079
Y1sWOW23md0	1708	1717	1745	1764	1778	1786	1798
blXD7jtbVGQ	1318	1322	1333	1342	1347	1351	1359
I1qF38ue1sc	9564	9612	9740	9832	9902	9935	9961
6N22wYwItDs	1624	1785	1971	2038	2076	2114	2136
VHh5enuacoU	1185	1203	1226	1241	1255	1263	1269
RQtMWyUV4zU	89	89	92	93	94	90	94
tTcpGjVMw-w	None	None	None	None	None	None	None
mhmpsjwxBAM	265	270	284	298	301	302	306
V2ANgnLDIQw	25	28	43	50	58	63	64
oTw8AECmUNA	24185	24263	24657	24910	25186	25374	25507
MkdVK-GmtZY	146	151	159	169	170	169	171
QmH9qzjchRs	859	871	893	900	907	909	910
p3jvUDs1CnM	5117	5127	5147	5171	5187	5193	5199
zDOF56D0yo4	787	789	798	804	806	808	809
HpcMKZUs2QY	10537	10570	10683	10736	10833	10873	10891
