XQwsE3mvBEg	1047069	1088137	1136079	1155721	1173871	1180299	1183438	1188043	1188965	1190631
GhjhjdMLGyU	96201	103508	106901	107231	107138	107207	107233	107351	107378	107426
wNy8mtRYxOs	149590	180799	295013	410873	575387	658995	728914	867294	914109	1015185
KRkYYZqUrYQ	427340	439514	469934	483240	489351	489938	490101	490463	490526	490653
RM5UOyi8W9g	1268774	1275762	1296372	1307547	1323159	1330136
Z0U07aRv54w	459740	494216	567071	608465	645144	663976	677883	715980	724279	743190
RqMxClvspj8	1134852	1149331	1161934	1165616	1169549	1171789
oJAkfH-GHKA	243105	280160	378009	436886	506922	529090	543295	560323	564339	569163
acMC7bTVcY8	3502831	3916704	4879130	5299822	5718962	5929522	6066627	6391869	6466853	6621410
t4-Vf6L63Js	1647567	1789521	1891433	1901680	1906388	1909034	1909473	1912521	1912980	1914117
bFeC5UBtLZs	1254104	2151983	3189898	3507722	3701296	3797136	3826924	3918268	3930764	3966683
2k9g9BVPx1k	659785	728180	824945	851314	876759	889229	897792	916259	920673	931315
TowtJr7kbTc	715981	784912	911258	968053	1023604	1045572	1071681	1122433	1138489	1156798
85ePZOOfShI	1251163	1316663	1425157	1435558	1441362	1445102	1446076	1447649	1447894	1448407
KMeLtkiLEQg	1134911	1186380	1272273	1319219	1372508	1399417	1425619	1456044	1467665	1487469
LHJOFSPDp24	810894	866963	903208	905426	906111	906868	907111	907728	907812	908022
yjmFq279JRQ	608860	654255	716830	739957	767402	782198	797845	815520	821904	832550
Wgqwxiczq5U	201963	224759	275433	296888	325652	336926	348772	360316	362739	366086
yeQeQnwdQcQ	49247	57180	62905	64833	66372	67038	67503	68583	68787	69298
Mr_P0uopeZM	37355	41733	54571	63140	73372	78195	84092	90629	91686	93002
_mGG40ZvXyE	699468	748832	836973	899653	948258	971547	997671	1021238	1034032	1055487
EAI0aeioV5E	597880	667993	803450	843853	873988	885629	894619	912072	917321	927102
yvdyDTKuJXI	547041	582756	670185	686230	695664	698532	700161	703421	703944	704792
V3exqLIGdbA	89296	96674	109463	116373	183591	241883	279292	335826	353878	381423
-nZjGO2np3Y	1000908	1066999	1291745	1350440	1439104	1483870	1505151	1548136	1553645	1565410
tHvupGgb_iA	176978	211630	254858	274408	301754	313364	326765	343567	349891	359608
k_LQZaTCjJI	1337419	1415039	1542961	1596940	1651711	1674424	1692878	1717456	1724427	1738394
ejqo6qHgWTg	456007	602239	786386	843223	898805	928868	959002	1013440	1028816	1056902
kJRmCcqrg7g	89296	91087	93511	94176	94962	95299	95537	96167	96235	96376
SgbomNuKv_s	320402	344299	391305	414539	435477	443952	450738	463381	466993	474294
tD09cBIltKE	36589	45027	59075	68703	82280	87715	94665	103168	106308	111381
dUTWbjR5nHA	61271	128436	197392	228789	269529	286401	298302	311989	316210	323094
kA81LzzdDGw	2576643	3367902	4259346	4697093	4927603	5015130	5047155	5102353	5110611	5130867
KD8Uq9lu-DY	424995	436850	480280	507337	524666	528790	529526	531036	531426	532176
DXDgtGpvl8Y	910242	1106113	1211811	1230765	1244182	1248929	1252294	1258723	1259732	1261536
5HJSLAgch8A	52826	63046	81443	88758	94312	96523	98462	101647	102331	103560
CXpTpbhbkMU	51371	56418	65360	68661	71596	73288	74808	78186	79226	81244
c5guhIm9YDI	164787	226316	245058	249788	258546	261930	264978	266105	266240	266454
0uBvrBK5Rbs	204049	300457	367282	380059	390710	396799	400686	407165	408898	411824
OBf0d2PYdk4	865439	1281618	1576292	1653406	1727763	1760856	1793208	1827673	1836155	1848256
EPCJizoIeUI	400593	456201	524326	543523	564780	576523	588784	607220	612764	621329
3s58t9KFCik	100785	129347	163230	176150	191798	200347	209395	222485	225759	231475
Fy8TJFvW9g0	98175	117627	150700	170432	204405	220721	237474	257683	265386	276655
8G2jppE4rgo	381890	404307	442060	464805	495443	507993	517506	533572	541349	554159
KGQjUIu9b54	562394	579834	629057	667303	714038	744695	753012	785431	787115	794164
d5IPaqKJCCc	52979	58926	74265	92229	111652	123224	135632	147640	150065	154685
tQjjfBRxbcs	85743	91884	102988	107013	111325	113475	115686	119883	120920	123099
sbza7p2w33M	1653121	1756799	1974412	2065345	2155619	2203518	2245068	2331397	2352907	2388088
yw9qEpDan10	75794	93200	127576	148517	170076	183326	194938	218209	225559	239200
uWRxfANFDBs	1071972	1077280	1085777	1088503	1090683	1092351	1093038	1094393	1094760	1095387
9wOdmZepV0E	672096	1142567	1887311	2142152	2366470	2487132	2556569	2731913	2811913	2962622
uGzDKU7gxho	2328062	2433533	2446565	2448638	2443616	2444090	2444259	2444889	2445009	2445308
7EpAv6nHKFo	734577	940538	1185560	1268197	1389853	1458883	1500182	1592540	1619840	1664675
MWYf3-Mkx8A	206838	220884	249079	255500	261064	263415	264228	265483	265641	266043
jVsUrGkErUI	168101	176251	194409	207947	220670	225596	231680	241272	244334	249177
jeVqPpWlPxg	5281368	5876518	6885868	7346701	7799083	8070148	8222836	8559844	8628914	8771527
O6PB0lXt9Ro	411259	463736	573299	642906	752750	811702	859305	964903	993519	1043651
obK8sGRQlso	31748	33770	35601	36147	36592	36875	37034	37291	37370	37529
GH39qiQCGS0	280491	288900	301511	303807	304854	305672	305954	306744	306870	307096
yDEoKxx1bLI	5567171	6525321	7755322	8107440	8476868	8595024	8722112	8925107	8989856	9136052
ucGb5xbkbjk	895522	943584	1077675	1097672	1115509	1124606	1132504	1138586	1139241	1140422
-JVOhHA5zZ8	575187	597049
namXTvyvLp0	1667254	1719784	1840056	1902845	1956640	1985407	2003989	2034962	2042020	2057202
ZXLoiPy6n6g	526364	562131	617478	635235	656556	668198	678430	691886	696809	706246
DDeqU7Jblt4	1730544	2172716	2521874	2612686	2688741	2723574	2753423	2807414	2822898	2858055
2yKhiTxqshI	49236	53925	66821	72811	81503	85782	88496	94761	96266	98949
b4PUQjqvufg	268190	287347	324014	337764	360641	370906	377612	389854	393959	400952
hMxoZJOkn2s	256527	288582	338705	359033	378831	391798	400775	414097	416806	421437
TQaGKFvOZXg	216593	275146	751124	920148	987778	1011920	1030588	1063934	1070072	1081418
POq8-yPaHxQ	53284	57117	68355	75761	83705	89784	93644	103934	106318	111837
gtSwZjv1qO8	125232	143928	169974	179486	188649	192164	195894	201898	203757	207338
SpF78BwWYt4	630967	755474	946893	1062938	1179059	1216497	1260145	1316339	1341985	1380706
hkDv-WF6xys	119233	127940	149503	164925	182608	194968	202243	215444	218247	224276
jS4eARGSJSI	193632	209620	235923	242689	247951	251287	253117	257321	258332	260318
MOifIuOhBiA	2284550	2296993	2319574	2326130	2326858	2331155	2332366	2335586	2336221	2338064
lZIn-y63XFM	1592846	1907564	2653815	2984105	3096352	3156802	3204770	3291487	3311223	3351385
pxqOWc_oTIU	917129	947540	978600
qlfj2FejGg4	100362	112001	212743	304812	438103	494065	554082	612336	637500	685431
K_LtyVVHaQo	636403	680376	763282	812493	861967	886596	906246	938877	948401	967615
GSvuulcIY-I	207470	205754	206670	207050	207356	207581	207750	208007	208074	208164
zGUc4mVK6MI	892266	965304	1055916	1193422	1332042	1375594	1401784	1434110	1440974	1449944
C-7xXQ_iVRw	3413133	3520474	3704481	3795921	3928493	3994071	4027278	4096379	4113413	4145984
z9Va7cyv3d4	829252	842286	855216	857108	860183	861639
Mun1sNl7hp8	90659	100482	123702	147278	168520	177753	189749	216469	223272	234520
uNonZ5WWZwE	686703	689246	691860	693235	693574	694125	694207	694524	694604	694892
OTq-H44sdRk	515359	518248	750447	1315862	1732817	1883390	1975362	2206761	2287183	2472899
GC4xGb0a2Io	220249	236986	264401	281392	297438	304871	310521	318658	320789	323813
0Ki_9jyEV-M	798488	825751	871986	882480	889158	896629	900777	905925	906793	908974
EWorIW42X6w	401356	427447	477112	525787	573698	596073	618075	632479	637833	645495
ONS31ND-L-k	237315	264734	332776	352386	373678	382800	389943	403679	408929	417420
FKKshcibx9k	1795355	1849386	1932705	1967952	2002804	2018588	2028851	2048536	2052635	2059743
xS-gaiizvJ4	487114	526919	600233	652882	713393	738597	764941	793851	824030	849746
s7tstzJ1z4E	62559	76149	99885	109479	118863	122635	126050	131544	132975	135422
H9MRW8xL3ZE	731830	747071	766972	774526	778461	780372	781505	784129	784882	786221
mrmUVunrw_s	416815	460370	516136	531433	546051	550421	554370	559911	562011	564522
C4hedi1lqpg	102491	107503	172304	211634	263439	282323	293198	318596	323942	336178
3gJFlG5SELg	434340	447676	470611	480636	493229	500234	504449	515360	517979	522623
livsK9vZN0E	639220	910103	1319436	1479095	1621036	1691767	1732889	1837198	1847296	1865890
vqH2J5jwfFM	123911	125000	126405	127019	127481	127738	127917	128340	128426	128583
pVVlOhVS8-A	440765	506441	646534	694744	741350	756591	767290	783141	787086	794217
PqKZRCyxXJE	340312	379129	485286	530976	571846	590263	601180	622045	627729	641744
s6k3kQfdJFo	695656	844604	1046159	1162180	1283794	1349341	1415280	1546566	1579178	1654052
nYeR9KMQSuQ	318914	363509	420695	443947	465128	470711	480199	484480	485622	487383
hFEzUUBBVkc	1190321	1228088	1320385	1394970	1485753	1525442	1551941	1573405	1576629	1580758
ftDQ3bM6C-c	30340	30463	30656	30745	30820	30877	30946	31031	31069	31123
Tvva9IhMWfM	5411468	5704771	6301211	6573058	6852043	6986949	7107785	7296110	7354147	7454555
AbRG2AMqlw8	1538635	1592041	1656640	1673534	1683806	1688987	1692130	1698754	1700352	1703490
Lmgr3UPCK_w	196405	230375	310810	348144	427038	464617	507614	564097	581681	613206
tvJwv-6oNOQ	1629076	1651833	1800871	1974313	2176991	2293138	2356689	2412375	2423476	2451079
7hPr9jYqMFk	600053	617758	669669	683915	693735	697884	701340	703754	703986	704327
T_I_BJLZ7Sg	402701	459674	546184	569070	588034	595925	601479	627400	631525	649829
kCV1Q4jHRzM	1515899	1636987	1877914	1949514	2028604	2059435	2090087	2124813	2136827	2156503
TOl098VVSd0	372762	420870	487123	509418	528922	539756	551619	568977	572828	580167
vAaEdTUuzkk	2697438	3128290	5343031	6442890	7127447	7286708	7373444	7554955	7591812	7697774
yJ4A-TzHU7A	341877	354499	369252	388850	408586	441439	453802	483407	487316	494113
kqcd6n3UI_E	1103021	1147631	1195745	1217773	1239114	1255693	1263695	1270353	1271370	1273103
Cu1dRtRknnM	80024	88172	97789	101337	105369	107081	107947	108653	108819	109359
q4HSTqu9qVg	545593	750797	978488	1058729	1148038	1192264	1231077	1287821	1305411	1334609
nK5-sHSOK04	135589	181530	270443	305669	337824	353310	363817	382004	386452	395689
qprZr64xtaU	1271629	1381113	1600407	1712874	1855333	1943005	1997783	2130159	2171274	2263201
-MawZgUZaAg	984558	1034350	1105264	1131311	1150875	1165869	1178994	1193896	1200980	1212619
JTL_gtRccwE	563313	587478	623868	634049	643583	648230	651810	657292	658711	661210
fA0F5q76bcw	9875959	10283318	10790589	10940209	11131146	11215247	11316324	11441671	11485489	11562484
kB9qR4xlG9Q	71053	73878	79041	81055	82863	83749	84448	85626	85994	86635
QAp3Jv8c9uE	1146966	1212387	1370217	1458483	1533441	1571191	1605373	1645401	1662551	1686717
-OkDE948Z18	1779784	1935556	2120083	2190960	2273077	2297112	2312247	2337105	2339909	2345780
e7KCUKQV2Ww	38668	42440	50165	55853	58920	59824	60260	60918	61029	61185
zdBthc6fCk4	5971979	6076700	6318016	6430432	6487331	6510257	6521613	6543412	6549580	6562759
tsnxZRcJe6g	532692	558011	621856	657840	678358	683608	686913	692890	693921	695846
X10VFBZXEfU	550879	624994	729692	785440	839887	874686	906818	948968	959751	980717
ooeT0CdgQh8	578834	586480	596508	601819	605470	606554	606974	607895	608068	608435
vXJJQ3B6XOo	67860	80051	102960	109144	115750	118621	120474	123805	124553	126116
pq__dCbLoLI	73868	83299	90150	91210	91892	92252	92479	92784	92860	93010
JnPnQO1td_A	467736	471917	476919	477602	477485	477719	478040	478427	478461	478515
yEn8BDFVRcI	49341	53006	60195	63540	67551	69530	71148	73823	75099	77151
dDWlp1iNZvc	136534	141460	154004	172257	187599	195824	199592	203904	204358	205443
245CmJkEqIk	176672	197753	243486	261827	282428	294057	301486	314298	316281	319799
T-vBmTAvtWE	38181	40380	42510	43693	45265	45652	45857	46252	46317	46432
WsRxPCx2cl0	73516	87335	112973	121021	128188	131923	135772	138300	139179	140559
nemx2OFS4ks	1501983	1590905	1754087	1821736	1888038	1920007	1945675	1992487	2004469	2024876
D3e9jWnhO3k	2351073	2390517	2529991	2586752	2621605	2637393	2648634	2667237	2677117	2690592
H70Ht32ttNo	566089	604611	694070	717474	736124	744667	748174	753005	753697	755058
XpaUkndm85k	1575584	1746631	2072828	2185244	2348087	2458077	2553570	2631669	2643152	2663254
PEbXCWE0mUE	72590	87377	105388	109657	115845	118849	122002	125725	127243	130445
bH-o5PlfpiY	801292	824003	943361	1042577	1184514	1262655	1325210	1429406	1450451	1491037
3Yh_6_zItPU	6466499	6855393	8078570	8563427	8883066	9090668	9174445	9445938	9496996	9626193
FfeaUvBsStE	794928	838206	908655	929123	948881	956762	958519	967308	967735	969245
GRmDEmQPkOo	44925	53582	67556	74367	81198	85181	88682	96592	98623	102550
UF1E5HJNz-A	1201773	1336607	1455194	1456950	1457285	1457910	1458236	1458991	1459156	1459465
-aUulCEUfOY	152308	176389	214554	226862	238267	242669	246032	250455	251243	252782
_8Fz6-YWMrE	172234	198006	270377	291308	319878	339327	352224	366549	369149	379143
KE9bWXsTdvM	55747	60208	66991	70099	74614	76356	78811	82457	83255	84471
fOLGNmnx0X8	986820	1019647	1062590	1067461	1070378	1072324	1073150	1075028	1075474	1076190
fFMmitI1Eys	1815589	1887847	2014885	2042459	2062018	2075104	2081803	2092805	2094581	2097494
3i5WeMTJg6Q	66327	78019	105685	123473	147237	160549	170760	191824	198240	210915
m_MyfcG7g-0	764631	815656	885214	917038	941457	951687	961510	975790	981469	990493
aSfQHZDXpzM	121434	142826	174684	194494	218000	226390	236264	252588	257748	264216
7U96UgEpOYM	115714	123563	127990	128617	129005	129243	129417	129787	129851	129940
ATId-Ofg60o	469170	792714	1043912	1073689	1098106	1110955	1119409	1140347	1147378	1161808
Y1F2-qm-RgM	139824	147266	177345	188257	200586	205403	209023	214875	216544	220447
nvtU2MUQfOs	286528	289642	296672	305713	311912	313496	314273	315302	315412	315812
F2KY8APFXFo	378908	461208	612741	675252	765396	835335	909365	1061798	1112701	1227429
-trzyJWGHnw	523429	540711	577378	594875	612066	620873	625967	636097	638752	646284
2-do8WRS9wA	27952	27984	28158	28205	28188	28194	28196	28202	28205	28208
mhHcdI7utBI	289656	359708	490278	543290	593846	618713	636020	665714	673481	689499
mL9nLIEwsgw	307916	387180	466082	483303	500742	510885	515966	523042	524100	525583
aEAclLfGxdA	71479	78857	90724	92585	94140	94985	95577	97190	97463	98312
OmBhlHAQiNI	1296325	1327192	1369790	1416495	1472197	1501792	1510562	1527763	1532389	1541721
2USEAgSMkIY	108505	123819	145980	151687	157589	161406	165023	171707	173609	177007
KX-0dyrkOZY	594270	610605	628568	635394	638223	639310	639830	640614	640761	640987
