zyNUr4LWfoc	361807	364813	376560	382150
73z14uurwO8	18797	18962	19286	19362
nOL7AAlBNWE	10699	10998	11561	11915
1bLg0XAmkT0	2424	2458	2528	2559
HcYkm5HMO-Y	6783	6964	7274	7443
OJiBxSe4pfU	208	213	225	237
-d8rwuG4l3Q	16083	16520	17398	17769
7cK1a9C7nlg	239424	250178	275651	287693
irmjkT-cu9I	287624	297957	315760	324736
_A6QcoZwRpI	25064	25604	26690	27490
a_0PSZ2S_yw	213526	215194	220412	222960
acMC7bTVcY8	705188	753258	843600	877160
QO7e_RiMVQg	542515	543879	548585	551528
FcmUNlgld74	163949	165616	171452	174241
3Nv99SKbpKU	7698	7736	7794	7842
NFGKkYjjsyI	153162	153379	153930	154361
z2JmKR_STSw	538488	538629	539010	539282
tzfRQrrAliU	15051	15158	15276	15354
DDY6KjQCMoQ	161996	162888	165111	166649
Im9bpJY_NRs	16198	16431	16949	17289
jVn_rRlP29w	14869	15145	15636	15873
V7lHNwP3pes	146288	149061	154658	157480
mc8s_H028VI	210955	214831	222664	226422
zLUV7_cvGWs	108296	108424	108688	108849
oI_X2cMHNe0	212530	215535	222946	226327
4TcXhZZM9ss	47489	48691	51053	52147
aTTRT41kKRk	45772	50161	56241	61099
TkTaadb9GmM	239973	240853	243764	244984
S0NjsRuxguQ	36196	36324	36601	36807
eV_Ki30MDDA	820946	829914	873051	900421
lf5xz9OcB4I	945	945	952	952
V231U4jWvDY	1606	1683	1847	1948
DmKpePzn5-c	914064	915263	919205	921577
9KTbxKz8VXI	24065	25356	28413	29749
Pym_mBhBin4	111788	112456	113719	114434
Hpv4f6NuAqw	30992	31190	31635	31915
0ob5Cxk_R-I	93405	96458	101332	103379
JfA5jerg6Jo	9522	9617	9953	10095
m_jpfxJz04I	174681	176954	181703	185004
kA81LzzdDGw	125687	144899	161877	168945
xNZLnGcSZm0	13838	13973	14372	14550
P6Ps7MYB2bI	11914	12432	13728	14416
_dpIwwI86ss	26135	26221	26387	26451
V4jE96BAOtE	3569	3649	3881	4144
nY3Pqhs_Jbs	250090	252867	257891	260242
EsSsgFzMVwI	3289	3301	3316	3318
q0qPsBvRRL8	44279	44830	46055	46793
N9Bkt5LYtDs	13201	13318	13500	13541
ITQ6spSMC38	41091	41093	41100	41107
mmuMv4d6ZQE	88830	90247	94363	96289
tgB1wUcmbbw	1679546	1681015	1687284	1692050
IsFpeXZTWao	14765	15536	17707	19516
NmX1N2p_UUI	9588	9947	10681	11150
U18_SflSX2o	5736	5760	5806	5841
vWQLeWxqVoM	122411	123433	125976	127461
F0fMoqY9qI0	1044691	1051783	1062309	1067765
Jrlrf7SO2e4	37460	37733	38328	38583
ofzAHuarLQQ	27062	27192	27689	28079
v74W5Httipk	13193	13354	13963	14287
9wOdmZepV0E	17338	24164	31288	33950
XGQIQVsgAQw	39228	39695	40597	41146
uGzDKU7gxho	38595	38851	38928	38767
8G01PAw2SdY	3816	3988	4230	4426
GkvuazSkBoI	18693	18956	19459	19700
r4L9EzvQmfw	40275	40426	40816	41138
jeVqPpWlPxg	1272817	1347527	1682983	1757097
pqnSZjwlYKY	73719	75977	84042	91228
-KKBtdYW9Uc	8352	8363	8322	8332
FfsjGlFNb6k	5836	5876	6031	6110
gOx-3yEYrFA	231829	232370	233747	234782
V7xkf4EIyys	4749	4852	5050	5138
LP_670OTBN8	10804	10855	10994	11085
o2uWu55clG8	31303	31452	31715	31889
tn79OFbPwKE	439325	442020	452253	458256
iH8mWNKM8xU	None	None	None	None
rjKuq25a0L8	5905	5965	6173	6304
XH0ETI9URE0	188201	189329	191425	192444
RirNNYeHfBc	22658	22791	23089	23328
eBe4TySsONo	19065	19147	19308	19391
8TF1lDvl8To	5866	6238	6799	7078
QlZjtudjVD0	125657	125788	126099	126233
SyOi8mFnmlk	18097	18197	18401	18523
oF0tQiRA_Po	15829	15893	16046	16138
cUbzWjNqtmo	12883	13089	13420	13453
DmQ4Dqxs0HI	241348	245146	255538	261477
8xfSL0XLRtQ	260064	268453	294539	307841
Uusmw1Gl_9s	743	960	1062	1087
3IFr8Kkx0fA	80253	84089	90423	93659
TfplIxJObco	4076	4176	4333	4370
t0A9T9odIng	5203	5326	5764	6113
4vbDFu0PUew	989033	1006657	1071392	1108574
doxiOTZwDGc	11086	11820	12679	13204
YD6EbR5ISwA	26449	26516	26658	26761
47H7E3ccFmg	35832	36396	37317	37661
x-e-Erg5irA	8391	8949	9923	10215
yYLkFpo6BQY	36845	37715	39641	41635
jkD9prp1Ii4	55626	57934	64054	67869
wKt8jh08Y1A	52742	53058	53748	54052
N3nxVrX1tkU	22532	22639	22908	23079
kJQ3FkvUB20	175927	176467	177758	178446
mkH7rVb6V68	226770	227059	227553	227707
HD51eVj-jkw	13064	14960	17453	17943
oSwZ_BckDvc	120778	123968	132981	139132
v17J6GbtvKY	99593	99794	100447	100940
zIXe1UxUrOw	252480	260648	280618	292772
bXgKi50XnZc	272699	277226	286986	291069
E2lBuNyhLrs	40166	41312	43423	44956
tpIuIATQYVs	12657	12855	13310	13462
JbrK6LtTvOc	7342	8288	10692	11909
Z_MvkyuOJgk	446313	451256	465268	472440
AGdN0M3qvRQ	33622	33726	33913	34001
C99p_XDjnzM	3816	3827	3841	3843
L2w8xJPu45o	10260	10359	10555	10675
AGINmVnr734	34215	34814	36177	36940
GGY2mPQwN7c	118180	119618	122433	123949
IV3dnLzthDA	498812	502173	512307	518324
IiRAFfHV-nA	11226	11470	12029	12337
EZ72bVD9Bfs	27296	27561	28074	28443
xjeKAeA1Lj8	13406	13654	14020	14165
cJ0u7fnhkaw	34522	34968	35878	36537
sbHzm9iMY7k	12332	12415	12571	12642
8uiUz_IUkpo	6848483	7017418	7623458	7938608
pQuk3t2aeBo	250096	252644	260830	264762
sCAluJdxOCI	138567	146605	161426	171456
L-QNituOKHk	76337	76911	78401	78947
rDDg8yh8_Zo	20416	20555	20864	21046
vjhbxxTYkpw	32813	40019	46758	48921
p5BUb5zEPG4	1885	1901	1912	1915
pirYs7L4xog	5027056	5062947	5199725	5285411
Yx3K3g4CtoQ	110616	114588	125076	127758
O--o-O-ABBw	189214	255531	414968	521726
YuKy9EjNTN4	32592	33724	35891	36889
loTNxTq9aM0	34385	34639	35376	35956
pQz_rMK4ots	68401	68985	70165	70784
VGmTO5DRxII	112421	113022	115811	117397
w1eENwQOp_c	17108	17186	18028	19258
lyJqXb8Nj-I	29763	31119	34632	36759
qbOhTXGzZh4	34867	35221	36089	36594
7YQWDCSFAJU	74672	75944	78561	79945
GtlLoHoyzFk	54201	54342	54683	54921
_cW5UCUv2zU	31761	32294	33240	34124
yE1yvl7cBTw	20513	20772	21427	21757
9kb5cuLK4n0	386177	433321	581603	618795
W-ZYifUDIMo	147774	150529	155881	158979
2gjKoP5bwbQ	30021	30544	32404	33318
3RUUYE9oRaQ	5092	5141	5211	5246
faFYKeUd6HE	1550	1567	1625	1661
WylC30nOvAs	62522	63734	68862	72786
ArBTyHagYys	46920	46947	46999	47033
_H2Nq1dVu-Y	18517	20412	24849	28711
c0AOEQAvZWk	3609583	3609441	3609148	3608800
Vt-WpdbwIek	26877	26944	27080	27201
342ILHWUonY	57767	57893	58192	58350
zdBthc6fCk4	150539	151896	154580	155689
8dJyRm2jJ-U	6164691	6233886	6476514	6611174
j1AuFXa_g0o	91649	98036	121841	138244
kUb-hQsTdMY	7201	7298	7493	7600
IArsUj-RjNg	16454	16595	16936	17128
2n5GKLdrTfk	73889	76677	84590	88916
JGQcmb5zltc	66784	68200	70244	71117
V3C4pWwDqps	59706	59852	60287	60505
LBraVzyYDKg	586882	589909	596362	600945
_iz5_DuY_II	281418	290006	325138	347504
v6g0u6yrDGc	13923	13933	13966	13978
Vnk8NZ0sQbE	411728	420706	436560	444681
s0JolA3zHhk	20577	21018	21885	22313
DApcnbjG5io	15160	15379	15980	16280
7OPg-ksxZ4Y	202469	209549	229229	243340
Xl9u1XTGkis	27607	28416	30818	32614
EUcvdGfGEj0	172103	173233	177105	178933
wpV7OXr7JYo	88230	89513	92652	93639
3Yh_6_zItPU	305986	317238	335927	343823
rkVgISuqx0A	266517	267905	271175	273242
4H66pDhczzw	91941	92110	92751	93053
x3EYHOfkLbQ	88635	89133	89953	90385
uDQpsWBGJ-c	25060	25495	26410	26884
HqcShw8v4O8	27796	27944	28207	28371
0V6U1l3aU4I	5722	6298	7186	7597
g9g9Y3BgYMQ	49018	49782	50502	50291
ONj9cvHCado	459255	466028	483087	491382
3S5waOa7zxQ	12439	12817	13330	13764
3PHhl2pa3jo	192933	192977	193152	193225
_23K29_RJnA	21156	21488	22410	22800
7BLs3-o4SnY	28915	29175	29705	30010
CpZBJZYJKFE	348220	352632	362596	368992
Y1sWOW23md0	41440	41859	43089	43917
blXD7jtbVGQ	72368	73056	74141	74714
I1qF38ue1sc	446394	450782	459331	465557
6N22wYwItDs	7523	8047	8964	9311
VHh5enuacoU	22191	22567	23522	23950
RQtMWyUV4zU	6550	6588	6685	6724
tTcpGjVMw-w	17822	18225	18980	19428
mhmpsjwxBAM	14206	14616	15376	15785
V2ANgnLDIQw	1433	1494	1666	1840
oTw8AECmUNA	530011	532498	543934	550895
MkdVK-GmtZY	4505	4604	4772	4869
QmH9qzjchRs	31551	32328	33343	33696
p3jvUDs1CnM	496517	497963	501088	502949
zDOF56D0yo4	7406	7433	7585	7665
HpcMKZUs2QY	137880	138688	140853	141950
