zyNUr4LWfoc	10692900	10829458	11429492	11722448
73z14uurwO8	348359	354157	369985	374785
nOL7AAlBNWE	153122	158754	176677	186359
1bLg0XAmkT0	45786	46689	48967	49974
HcYkm5HMO-Y	121723	126252	135575	139982
OJiBxSe4pfU	17657	18469	20453	21457
-d8rwuG4l3Q	216498	224401	244171	251452
7cK1a9C7nlg	4605551	4923592	6215518	6823513
irmjkT-cu9I	2700168	2830141	3148891	3283435
_A6QcoZwRpI	450325	461352	487565	509236
a_0PSZ2S_yw	3581123	3619942	3783481	3855332
acMC7bTVcY8	3498898	3912171	4876184	5299822
QO7e_RiMVQg	11845553	11897193	12130393	12272259
FcmUNlgld74	11556546	11689985	12204305	12421970
3Nv99SKbpKU	409302	415453	430145	442358
NFGKkYjjsyI	2487454	2491295	2504668	2513202
z2JmKR_STSw	10442081	10450237	10475080	10492849
tzfRQrrAliU	293192	295107	299452	301316
DDY6KjQCMoQ	10243159	11039644	14910813	16345118
Im9bpJY_NRs	351802	360685	384886	397383
jVn_rRlP29w	223525	230348	244137	250117
V7lHNwP3pes	1571263	1627126	1797412	1878992
mc8s_H028VI	2020702	2074273	2221581	2291681
zLUV7_cvGWs	1681037	1682757	1688447	1691826
oI_X2cMHNe0	4133837	4199819	4443223	4542714
4TcXhZZM9ss	1060457	1101236	1212361	1267201
aTTRT41kKRk	522097	581103	695744	789164
TkTaadb9GmM	16365488	16439151	16729140	16836203
S0NjsRuxguQ	2230136	2247699	2299672	2326680
eV_Ki30MDDA	8627826	8713709	9246182	9572402
lf5xz9OcB4I	64878	65105	65488	65649
V231U4jWvDY	85192	91919	114831	127637
DmKpePzn5-c	19407980	19476026	19766995	19985533
9KTbxKz8VXI	1118561	1200496	1490585	1616882
Pym_mBhBin4	1553669	1567087	1603749	1622236
Hpv4f6NuAqw	558349	565457	584358	593989
0ob5Cxk_R-I	1190648	1238173	1350902	1393080
JfA5jerg6Jo	490691	498121	528107	540600
m_jpfxJz04I	2672101	2733157	2893857	3013166
kA81LzzdDGw	2576643	3367902	4259346	4696591
xNZLnGcSZm0	323636	327735	342593	349024
P6Ps7MYB2bI	823091	862733	990936	1036104
_dpIwwI86ss	1899314	1908316	1933802	1941704
V4jE96BAOtE	94736	97449	107503	115497
nY3Pqhs_Jbs	2863496	2926436	3107839	3186948
EsSsgFzMVwI	321614	322646	325029	325974
q0qPsBvRRL8	1090314	1112267	1190322	1240042
N9Bkt5LYtDs	715258	722145	743351	746801
ITQ6spSMC38	2039723	2040217	2040474	2041321
mmuMv4d6ZQE	1775909	1844000	2065404	2199224
tgB1wUcmbbw	36651488	36723595	37082413	37344795
IsFpeXZTWao	263352	278927	336453	388146
NmX1N2p_UUI	136164	141173	155203	163143
U18_SflSX2o	779791	783050	789778	793313
vWQLeWxqVoM	1578870	1588161	1624876	1641406
F0fMoqY9qI0	11347879	11402408	11512599	11563398
Jrlrf7SO2e4	645110	652027	669593	676576
ofzAHuarLQQ	371005	374533	386262	395117
v74W5Httipk	247129	252757	270322	280588
9wOdmZepV0E	672096	1137673	1886297	2141677
XGQIQVsgAQw	487108	492861	507349	515383
uGzDKU7gxho	2328062	2433533	2446565	2448638
8G01PAw2SdY	68322	72600	80339	85742
GkvuazSkBoI	1749228	1788430	1888027	1935106
r4L9EzvQmfw	652066	656426	670781	680048
jeVqPpWlPxg	5281368	5871921	6883185	7346701
pqnSZjwlYKY	1150171	1187384	1357098	1511811
-KKBtdYW9Uc	1154326	1158859	1178326	1181299
FfsjGlFNb6k	121994	123599	128783	131683
gOx-3yEYrFA	3438266	3457414	3541461	3601299
V7xkf4EIyys	135078	142426	157896	163547
LP_670OTBN8	997446	1000699	1010482	1017024
o2uWu55clG8	629012	633694	646531	653918
tn79OFbPwKE	14762939	14901398	15558613	15925214
iH8mWNKM8xU	2012873	2705990	4039625	4519148
rjKuq25a0L8	68568	69973	73641	76207
XH0ETI9URE0	2387544	2412190	2465271	2487783
RirNNYeHfBc	816617	827363	857914	875589
eBe4TySsONo	736935	741317	753263	759098
8TF1lDvl8To	171912	182048	226114	250585
QlZjtudjVD0	6093362	6110469	6153005	6169482
SyOi8mFnmlk	257993	260345	265873	268861
oF0tQiRA_Po	429321	431489	436834	440103
cUbzWjNqtmo	2123820	2186328	2288302	2311883
DmQ4Dqxs0HI	3435475	3505836	3817905	3996139
8xfSL0XLRtQ	3879132	4023871	4713191	5052007
Uusmw1Gl_9s	41238	59764	72559	75760
3IFr8Kkx0fA	1135490	1203482	1373958	1450726
TfplIxJObco	543779	564023	626640	633729
t0A9T9odIng	73268	75727	85640	94456
4vbDFu0PUew	31912493	33137969	40236974	44602892
doxiOTZwDGc	277769	314326	375540	404245
YD6EbR5ISwA	398901	400245	403610	405844
47H7E3ccFmg	792600	808015	842086	857397
x-e-Erg5irA	1380180	1483720	1657672	1704404
yYLkFpo6BQY	605983	624346	672356	715781
jkD9prp1Ii4	2281580	2474511	3054959	3474866
wKt8jh08Y1A	3459588	3492846	3604457	3649657
N3nxVrX1tkU	2226355	2244492	2302273	2334242
kJQ3FkvUB20	3531330	3589901	3743891	3834587
mkH7rVb6V68	5650372	5659687	5680566	5688271
HD51eVj-jkw	153529	186498	237685	248313
oSwZ_BckDvc	9810682	10166231	11226573	11795256
v17J6GbtvKY	2565136	2573524	2612011	2643667
zIXe1UxUrOw	2615734	2717013	3064476	3269954
bXgKi50XnZc	2517910	2570376	2746536	2818153
E2lBuNyhLrs	641480	660927	710670	746273
tpIuIATQYVs	345737	352257	371829	379412
JbrK6LtTvOc	349241	404635	576195	640891
Z_MvkyuOJgk	13336354	13498083	14125997	14489746
AGdN0M3qvRQ	592279	596515	606494	610988
C99p_XDjnzM	317725	318829	321382	322566
L2w8xJPu45o	216989	219007	225187	228453
AGINmVnr734	674830	689892	738616	765025
GGY2mPQwN7c	7074764	7238373	7670296	7866753
IV3dnLzthDA	11621627	11731713	12166828	12373442
IiRAFfHV-nA	1116042	1159887	1295013	1369372
EZ72bVD9Bfs	244874	247285	253549	257536
xjeKAeA1Lj8	426492	435857	461585	469838
cJ0u7fnhkaw	514603	523659	550269	567527
sbHzm9iMY7k	305347	308508	316416	319826
8uiUz_IUkpo	150823007	154912540	167283122	173614125
pQuk3t2aeBo	6467696	6564103	7048988	7285827
sCAluJdxOCI	2418046	2904537	3942390	4650256
L-QNituOKHk	1261833	1275261	1314190	1328841
rDDg8yh8_Zo	328323	332163	343950	349763
vjhbxxTYkpw	1816045	2374143	3036211	3201921
p5BUb5zEPG4	64351	64871	66066	66643
pirYs7L4xog	108937605	109713484	113101266	114875207
Yx3K3g4CtoQ	1824393	1952074	2470283	2652878
O--o-O-ABBw	2283016	3659131	8316313	11966045
YuKy9EjNTN4	713302	743060	832763	875427
loTNxTq9aM0	1069911	1081877	1128705	1164853
pQz_rMK4ots	736377	744690	769097	780916
VGmTO5DRxII	9591647	9653303	10012823	10187758
w1eENwQOp_c	1228018	1235647	1330811	1465108
lyJqXb8Nj-I	1722699	1812009	2097827	2249598
qbOhTXGzZh4	537821	543611	562904	572249
7YQWDCSFAJU	3879790	3962789	4240110	4366527
GtlLoHoyzFk	907152	911025	920065	924740
_cW5UCUv2zU	927211	953499	1015411	1080181
yE1yvl7cBTw	358726	363054	379687	386316
9kb5cuLK4n0	4905854	5608800	8592266	9425752
W-ZYifUDIMo	1142869	1167757	1228669	1262708
2gjKoP5bwbQ	3472139	3577434	4022823	4207161
3RUUYE9oRaQ	131295	132812	136007	137391
faFYKeUd6HE	56248	57341	60100	61844
WylC30nOvAs	3016808	3086259	3438598	3707640
ArBTyHagYys	1558496	1559532	1562703	1563982
_H2Nq1dVu-Y	178364	196226	248062	288213
c0AOEQAvZWk	48175678	48179172	48175839	48175603
Vt-WpdbwIek	920184	926345	942685	951044
342ILHWUonY	2643170	2655438	2679921	2690655
zdBthc6fCk4	5970748	6075586	6317081	6430432
8dJyRm2jJ-U	87149121	92833112	109399079	119761208
j1AuFXa_g0o	7792367	8320166	10591125	11827842
kUb-hQsTdMY	187226	190728	203326	209315
IArsUj-RjNg	587665	594843	618656	630887
2n5GKLdrTfk	1398270	1490657	1894346	2120976
JGQcmb5zltc	947715	969098	1018217	1036349
V3C4pWwDqps	10077929	10085746	10063290	10088771
LBraVzyYDKg	6089951	6139672	6293201	6392608
_iz5_DuY_II	6392990	6653878	7821344	8584281
v6g0u6yrDGc	1525985	1527346	1532529	1535055
Vnk8NZ0sQbE	5232309	5387115	5834992	6039996
s0JolA3zHhk	421872	428762	448221	457633
DApcnbjG5io	515499	524765	554283	567540
7OPg-ksxZ4Y	2561568	2683025	3110335	3383332
Xl9u1XTGkis	2292887	2386254	2686535	2904264
EUcvdGfGEj0	3149900	3171917	3309453	3374909
wpV7OXr7JYo	7804256	7925204	8363197	8488744
3Yh_6_zItPU	6466499	6855393	8078570	8562329
rkVgISuqx0A	2989982	3012004	3081233	3117348
4H66pDhczzw	4482027	4492337	4543814	4567104
x3EYHOfkLbQ	1826723	1835336	1860364	1870991
uDQpsWBGJ-c	357819	364881	384879	394030
HqcShw8v4O8	452971	456451	464709	468727
0V6U1l3aU4I	100076	111021	137709	147277
g9g9Y3BgYMQ	3842186	3866644	3998344	4015861
ONj9cvHCado	8588970	8835259	9772224	10205246
3S5waOa7zxQ	205103	214514	228861	239210
3PHhl2pa3jo	11929088	11936197	11959826	11972641
_23K29_RJnA	460789	474162	505914	521637
7BLs3-o4SnY	688423	694815	718907	729855
CpZBJZYJKFE	3634051	3708692	3926033	4068132
Y1sWOW23md0	958241	980173	1047283	1081688
blXD7jtbVGQ	1439957	1451831	1483874	1497600
I1qF38ue1sc	2563663	2593587	2676877	2728205
6N22wYwItDs	297540	345504	467027	509550
VHh5enuacoU	1403045	1440597	1593436	1643954
RQtMWyUV4zU	156992	158223	161896	163660
tTcpGjVMw-w	262435	269738	286488	295447
mhmpsjwxBAM	93020	96687	105075	109933
V2ANgnLDIQw	98350	103760	119901	132251
oTw8AECmUNA	19874810	19970388	20471392	20790118
MkdVK-GmtZY	115022	118454	128361	132360
QmH9qzjchRs	356866	371329	396679	402601
p3jvUDs1CnM	3513777	3530459	3578019	3607506
zDOF56D0yo4	575738	572834	585282	594886
HpcMKZUs2QY	2472797	2497127	2585055	2631356
